,Alabama,Alaska,Arizona,Arkansas,California,Colorado,Connecticut,Delaware,District of Columbia,Florida,Georgia,Hawaii,Idaho,Illinois,Indiana,Iowa,Kansas,Kentucky,Louisiana,Maine,Maryland,Massachusetts,Michigan,Minnesota,Mississippi,Missouri,Montana,Nebraska,Nevada,New Hampshire,New Jersey,New Mexico,New York,North Carolina,North Dakota,Ohio,Oklahoma,Oregon,Pennsylvania,Rhode Island,South Carolina,South Dakota,Tennessee,Texas,Utah,Vermont,Virginia,Washington,West Virginia,Wisconsin,Wyoming,Puerto Rico,age
"(0,)",58514,11160,85178,38211,489444,66792,35392,11035,9681,225621,130657,18258,22790,155581,82944,39127,38607,55351,63647,12528,72983,71568,112359,69704,37440,74134,12605,26313,36338,12463,102648,25168,236715,120763,11192,137292,52338,46044,139255,11043,57467,12328,81151,403211,50982,5868,102637,89914,19276,66064,7596,29214,0
"(1,)",59340,11002,87743,38619,500468,66990,36979,10987,9410,225827,132335,18060,23334,157820,84480,39915,38490,55560,63362,12800,73903,72297,114774,70615,38091,75078,12698,26965,36959,12649,103989,25626,237946,121391,11132,139756,52880,46693,141906,10971,58788,12323,81649,406573,50831,6010,102758,90596,19886,67181,7582,30754,1
"(2,)",58865,10896,87678,38100,498412,67034,36843,11005,8435,226021,131658,18259,22736,155159,83946,40007,39114,55479,63031,12877,73212,72204,115595,71101,37994,75683,12532,26721,36322,12628,104915,26153,232932,121664,10874,140342,53173,47228,142925,10860,58389,12442,80942,404224,50625,6205,102046,90223,20280,67439,7563,32286,2
"(3,)",57959,10939,87642,37755,498644,66768,37197,10909,8563,223655,131221,18620,23102,154422,84527,39694,39214,55359,61484,13065,73347,72527,114716,70534,37714,74978,12462,26343,36900,13308,105326,26308,233572,120612,10576,140622,53610,47046,142929,10871,58149,12231,81064,399097,51324,6046,102048,90664,20566,67558,7539,33335,3
"(4,)",58903,10667,87548,38558,497804,67519,37817,11251,8376,225741,134398,18324,23062,156220,84593,39461,39369,54958,61024,13124,73733,72984,115164,70570,38429,74743,12446,26126,36389,12976,106576,26502,232575,121476,10317,139614,53344,47136,143503,10970,59081,12126,81486,396110,49576,6137,102400,90271,20469,68318,7602,34827,4
"(5,)",59354,10847,88559,38421,509019,68976,39121,11377,8113,226865,135649,18305,23615,157981,84834,39019,39759,54724,61341,13123,74854,74218,115945,70588,38375,75521,12367,26261,37847,13726,108594,27081,234707,122594,9981,139638,53846,47757,144441,11083,59515,11960,80725,403537,51003,6170,102885,91600,20398,68864,7704,35040,5
"(6,)",59581,10523,88101,38654,497890,70235,39349,11287,7013,223928,136763,17208,24048,159142,85718,40639,40428,54874,60830,13652,74636,73305,117224,71600,38933,75374,12462,26443,37696,13576,107694,27520,227537,125274,9966,140640,53687,48316,144754,11048,61024,11941,81242,405801,51970,6217,102263,92090,20310,71016,8022,37274,6
"(7,)",60146,10319,89835,38717,496997,70074,39918,11223,6531,224845,137738,16844,24415,158506,85826,40842,39894,55373,61525,13742,73612,73166,116976,71222,40539,76065,12748,26633,37832,13768,107123,27783,221469,127034,9931,141889,53883,48237,144679,10981,61968,11971,82271,404747,51926,6269,101221,91249,20313,70861,8024,37856,7
"(8,)",62439,10437,93874,40151,516071,71788,41533,11467,6341,233951,143813,17288,25314,163819,88811,41884,40740,56737,63640,14310,76142,75470,120388,73530,42176,78409,13021,27052,39429,14242,110366,28440,226905,131247,9932,145427,54851,49871,148834,11457,63456,12250,85575,415200,53395,6520,105247,93261,21165,72986,8316,38156,8
"(9,)",62295,10303,94464,40654,517609,72759,42455,11388,6161,236560,144775,16933,25403,164926,89528,41965,40789,57356,63825,14500,76017,76025,122385,73887,43255,78829,13233,26783,39351,14758,111608,28587,227214,131885,9762,147242,54993,49684,149749,11475,64248,12227,85427,413828,53318,6727,105702,92630,21125,73760,8243,39562,9
"(10,)",61466,10016,93365,39872,511179,72162,43086,11520,5752,235373,144272,16543,25258,165347,88927,41685,40299,56759,61827,14591,75039,76484,122726,72928,41553,78574,12894,26645,38532,14937,111591,28198,226318,131191,9650,146928,53819,49200,149559,11841,62513,12042,84849,410872,52469,6659,104706,90323,20896,73371,8019,40661,10
"(11,)",61159,9993,92716,39633,507985,72541,43900,11410,5461,233672,142974,16461,25331,165737,88634,40943,40048,56591,61257,14746,74984,77152,123788,73079,40804,77936,12722,26621,37961,15194,112500,28106,228313,130262,9372,146367,53422,48479,150080,11915,61485,11845,84163,410256,52059,6674,104111,89646,20863,73324,7936,41275,11
"(12,)",61291,9883,92361,39432,505244,72809,44621,11516,5258,231966,143176,16658,25364,167915,89440,40767,39873,56822,60662,14727,74982,79020,126271,73560,40501,77853,12615,26443,37578,15528,114077,27870,230768,130477,9082,148164,53501,48724,151445,12030,61352,11747,84165,408463,51709,6882,104954,89142,21146,73929,7590,40725,12
"(13,)",61233,9813,90003,39209,501903,72043,44926,11498,5064,226944,142126,16314,24788,166740,88805,40590,39906,56251,60165,14660,74479,79515,125596,71805,40052,77361,12379,26069,37543,15736,113939,27728,230915,129648,8799,147916,52779,48186,151800,12130,61024,11257,84044,406223,50981,6961,103828,88139,21129,73375,7569,41134,13
"(14,)",61500,9729,90392,38911,495633,70130,45454,11437,5022,233132,142649,15624,24425,166375,88499,40173,38982,55754,60276,14673,74393,79559,126670,70400,39752,76884,12453,25592,37115,15902,113577,27413,230925,129955,8556,148690,52488,47755,151075,12100,61019,10971,83976,401542,49644,6819,103766,87195,21170,73282,7319,42568,14
"(15,)",64830,9845,92576,39867,510672,71043,46701,11541,5248,240280,145786,15978,25107,170106,91284,40861,39853,57258,61871,15220,76774,81839,131524,71902,41494,79127,12561,25637,38042,16141,116119,27918,236954,134221,8614,153326,52475,49134,156497,12356,62813,10992,86014,407704,49537,7031,105650,89749,21483,74834,7222,46030,15
"(16,)",65577,10033,93867,40569,519705,70983,48107,11952,5182,246380,147488,15836,24932,172652,92802,41788,40395,58513,63113,15778,78240,84011,133959,72405,42592,80400,12592,25757,38166,16504,118764,28425,243483,134469,8654,156070,53331,50144,160873,12619,64016,11301,87689,409400,49908,7299,106972,91186,22104,76224,7461,47810,16
"(17,)",64399,9919,92152,39910,515064,68907,48677,11636,5300,243132,142806,15620,24617,170476,91457,41023,39719,57802,61713,16095,77047,84675,133445,71208,40991,79414,12587,25165,37630,16629,118109,28225,242097,131341,8666,154149,52826,49792,159688,13020,61763,11161,86373,398213,48171,7648,105031,90535,21743,75157,7325,45619,17
"(18,)",63113,8933,93469,38994,524937,70082,51563,12714,8795,237326,140708,15003,23104,166403,87157,42640,38838,56796,58474,16732,78945,98797,136570,69784,40887,76992,12360,25245,33905,17993,112709,27447,256286,134419,9654,151755,51581,49086,169042,16536,64172,10765,82419,384053,45658,9575,109140,87356,21814,75507,7057,47049,18
"(19,)",63131,8507,93630,39355,513743,72149,52740,12421,12148,231422,139809,15253,22010,165053,94946,48370,41401,57199,56804,16638,75343,107483,132743,71219,41856,79462,13269,27770,30686,19001,105082,27284,255947,136541,12259,153180,52433,48712,177003,18389,67326,12318,80643,381685,43681,11202,112037,85060,22155,79719,7348,47578,19
"(20,)",63518,9911,92927,40130,526680,70328,52940,11681,10768,237099,137804,17140,20980,168948,96986,47683,43664,58313,58971,15834,75473,103768,137033,71326,40878,81115,13718,28180,32324,19374,108661,27872,264151,137202,12402,151195,52847,49865,170746,17461,65876,12001,83494,380988,43971,10680,113693,87734,22652,80032,7547,47762,20
"(21,)",65542,10789,94922,40226,542484,71932,52263,11528,9430,247651,141235,18638,21349,173540,97522,47717,44086,60110,62969,15456,77113,100702,142967,72742,42338,83051,14255,28350,34375,19310,113698,29088,271368,138804,12814,152288,53988,51212,169913,16808,66830,12008,86899,386867,47787,10402,117902,90563,23642,81207,7734,48380,21
"(22,)",67969,11529,97085,41339,561000,75482,50089,11946,9228,256494,144368,19975,22866,177433,96667,47688,43984,61805,66486,15494,77531,97892,145117,74221,43238,84788,15038,27706,36425,18397,116375,29426,273636,141174,14128,154631,56252,53008,168373,15599,67797,12004,89937,398746,51283,9286,118600,95687,23802,83186,8385,48480,22
"(23,)",68785,11925,99072,40941,578265,78615,47929,12364,11141,264413,147821,20508,23123,179673,94069,44566,43798,62450,69172,15357,79978,95472,145304,73660,43804,85097,15307,27451,38697,17138,118238,30183,283606,141798,14056,156772,57067,54525,167164,14907,69008,12198,93587,409157,53957,8489,117986,100748,23739,82518,8179,48128,23
"(24,)",70084,12995,101550,41976,606448,82898,45236,13085,13782,276110,151582,21197,23510,183494,96080,43895,42648,63988,71591,15452,81175,96903,143775,74710,44531,88366,15131,27751,41944,16891,118179,30623,292803,144115,13602,161503,59552,56681,170474,14822,70505,12269,97498,424226,54246,7843,118737,107842,24313,79627,8425,47632,24
"(25,)",71765,13477,103645,43153,637956,85713,44031,13879,15167,289699,153841,22527,23556,184886,94139,41822,40696,65283,74638,15693,83794,96874,145531,71860,44348,87736,14318,25778,44202,16338,117741,30274,307302,146546,13415,162118,59466,59740,172122,15490,73063,11535,99731,426175,52755,7451,121159,113132,24571,74718,8345,48310,25
"(26,)",70540,12976,102194,42456,642098,87250,43824,14189,16362,292253,153494,21757,23394,184315,90635,40608,38844,63134,73087,15868,85829,99877,140297,73243,43384,85368,13759,24894,45667,16247,117850,29311,314646,144862,12831,162579,57494,59553,177826,15819,72672,11233,98614,424792,47966,7297,121231,114367,23837,72971,8502,48764,26
"(27,)",66168,12394,95889,39817,614959,84811,43219,13995,16719,279642,146830,20739,22234,177379,86610,38442,37412,58938,70057,15929,83584,99544,127295,72493,40852,81716,13161,23942,43757,16132,114119,27753,303215,139943,11963,157204,54847,57128,175285,15463,69183,11174,93261,411539,45457,6932,117933,110232,22213,69989,7931,45029,27
"(28,)",62734,12181,92042,38705,600289,83997,44533,13169,17450,269969,142141,20665,21219,176601,84089,36945,37199,55803,66929,15661,83703,99841,121878,72683,37903,78931,12838,24486,43130,15858,113471,27499,300235,134601,11300,150572,52833,56164,171334,15057,65507,11122,89436,405825,42817,7255,117452,106994,21004,69358,7722,42496,28
"(29,)",60949,11715,89964,37660,583536,84828,44398,12397,16875,262686,139124,20714,21225,174707,82138,36717,36930,54653,66288,15449,83781,98879,116827,74292,37135,78586,12559,24812,42384,15941,113604,27405,294621,130972,10950,146444,51947,55576,167607,14339,62991,11092,86537,404360,41099,7282,116529,105425,20769,70030,7857,40860,29
"(30,)",60439,12054,90920,37585,582116,86147,44879,12331,16845,261878,138226,20496,21341,177164,83424,38633,38108,54514,66622,15628,83185,97694,118594,75883,37222,80150,12702,25393,42220,16151,116492,27820,290803,130511,11176,146428,52942,56558,166464,13769,62779,11290,86224,406879,42089,7148,117136,107196,20554,72404,8171,39548,30
"(31,)",61331,11927,91050,38045,584071,85958,44614,12377,16331,263367,140049,20336,21746,179545,84306,40283,38803,55560,67827,15666,83776,96142,119985,77842,38201,80726,13083,26375,42856,16067,117176,28054,290251,130152,11235,147579,54093,57989,164384,13752,62446,11376,86612,410776,43546,7166,117435,108373,20694,75162,8434,39029,31
"(32,)",59462,11296,89021,37721,566249,83048,43450,11826,15370,255950,135281,20293,21441,173618,81678,39265,38144,54193,65634,15017,81709,91015,115650,75878,36994,78310,13193,25688,41318,15110,114223,27355,274150,126453,10652,140964,53180,56539,157734,13413,61157,11122,83754,398948,43496,7222,114383,105440,20343,72798,8237,38788,32
"(33,)",60599,11520,90461,38324,570245,83539,43560,11985,14956,258694,138560,20399,21907,176140,84124,39968,38878,56122,66140,15295,82370,90871,118100,76999,38103,80505,13358,26392,42005,15694,116632,27816,273788,129754,10775,143265,54434,57772,159143,13365,62236,11184,85801,405301,45199,7283,116609,106365,21586,74235,8336,39922,33
"(34,)",61135,10955,90916,38463,566890,82505,43904,11753,14048,257618,139555,20085,22124,175825,84733,40654,39052,56275,65739,15372,82613,89346,118923,77950,38455,79986,13469,26188,41900,15462,117040,27437,270369,129793,10599,144331,54084,58272,158774,13366,62502,11438,86698,404866,45876,7249,116295,106539,21759,74808,8127,41252,34
"(35,)",61241,10758,89832,38571,554832,81997,43285,11647,13182,254306,139590,19619,22357,173910,85178,40073,38754,56915,64623,15177,82120,86877,118831,77047,38918,79620,13113,26005,41437,15554,116816,26803,263111,129495,10161,145155,52624,57522,156235,13193,62610,11194,85377,399914,45862,7202,115868,104640,21896,74206,7928,42473,35
"(36,)",62901,10557,92118,39539,562135,82073,44444,11940,12584,259629,144026,19954,22669,179263,87286,41301,39066,58497,64603,15713,83354,88310,121680,77102,39551,80786,13424,26042,42182,15786,120937,27121,269793,133405,10136,147896,53755,58876,158022,13206,63175,11433,88042,405826,46868,7416,117769,105257,23270,76083,8224,44548,36
"(37,)",58827,9527,84911,36800,522375,76598,42304,11357,11535,244414,136219,18432,21661,167506,82745,38762,36332,55872,60185,14906,77812,83883,116183,71985,36936,75018,12599,23936,39282,14901,114781,25137,251791,127361,9183,139980,49252,54994,149212,12407,60375,10336,83530,379089,44652,6949,110327,97927,22190,71214,7601,42109,37
"(38,)",58489,9300,83562,36318,511830,74973,41475,11059,10392,243253,134079,17770,21227,164222,81249,37479,35008,55025,57976,14797,75709,81636,114399,68987,36105,73353,12350,23255,38585,14784,113865,24457,244966,127582,8916,136427,47532,54271,146303,12050,59209,9982,81940,371468,44228,6922,108370,95089,22081,68982,7319,43026,38
"(39,)",58429,9200,83338,35745,509070,73454,41545,10703,9639,243569,133221,17634,20800,162954,80147,36389,34747,54783,57060,14516,74897,80017,112515,66704,35965,71794,12099,22730,38156,14322,113299,23981,242059,126946,8551,134363,47060,53368,144339,11902,58804,9873,81775,369170,42950,6672,106282,93785,22081,67931,7054,43108,39
"(40,)",55914,8630,81238,34660,500089,70886,40363,10242,8659,238161,129541,17115,19925,157357,77525,34616,33219,52810,54052,14257,72240,78596,109606,63968,34866,68558,11364,21836,37254,14241,111845,23309,235031,123063,7961,130363,45449,51808,139659,11450,55896,9464,78270,362511,40157,6562,102578,90677,21096,65157,6799,42679,40
"(41,)",58641,8851,84108,36019,514733,73174,41710,10592,8601,245552,135037,17015,20189,161374,80506,35874,33702,54354,54027,14834,74398,81073,113286,65092,35410,70438,11264,22562,38197,15094,115834,23671,243952,128883,8140,135629,46931,52343,144097,12034,58814,9259,82216,369752,38728,6840,106390,92224,22332,67191,6867,42921,41
"(42,)",57341,8318,81830,34776,495800,70071,40731,10224,8013,241845,132647,16486,19357,155940,77829,33721,31914,52810,52207,14942,71460,79153,112290,61651,34512,67881,10883,21214,37326,14962,112483,22671,232498,126086,7748,131716,44542,50104,141739,11854,58059,8921,80355,358516,36308,6738,103569,87849,21551,63841,6570,41982,42
"(43,)",59349,8402,80902,35371,497626,69956,42505,10669,7973,249272,136887,16508,18895,157562,79421,33553,31952,53833,53096,15388,73652,81142,115711,61875,35438,69260,10982,21005,37878,15632,113695,23008,234624,130146,7728,134911,44793,49688,145794,12119,59748,8822,82839,360412,35051,6810,105549,87650,22382,64652,6421,41962,43
"(44,)",62480,8805,83729,36688,508170,72564,45407,11240,8151,261950,142810,17080,19582,165268,83173,35729,33247,57448,55540,16686,78331,85728,123488,65002,37327,73258,11305,22186,39050,17164,119041,23695,245208,136724,7792,144285,46647,51156,155769,12763,62381,9231,86782,369983,34850,7320,111388,91654,23412,68074,6587,43408,44
"(45,)",65764,9258,88221,38280,532163,76571,49227,12149,8360,274364,149925,17799,20532,173654,88701,38046,35043,60170,57861,17957,83748,91811,132808,70493,38769,78292,12214,22691,41461,18778,126427,24771,262767,145481,8150,155127,48325,54651,167832,13655,65731,9666,92218,380992,35336,8065,116721,97841,24687,74111,6887,44940,45
"(46,)",64882,9554,88775,38412,551782,76785,51259,12542,8018,276118,149667,18731,20583,175065,87510,38689,35538,59417,58081,18067,85353,94789,134104,71966,38539,78054,12161,22963,41775,19075,130205,24883,273890,144721,8233,155296,48920,55239,170198,14307,65811,9811,92126,376998,34483,8320,117837,100078,24502,75299,7077,44918,46
"(47,)",61037,8837,83569,36027,520282,72312,49526,11826,7704,261936,139281,17358,19605,165359,82401,37034,33502,56631,56072,17456,81726,91599,127398,69073,36176,73656,11621,21732,39440,18699,125209,23993,260352,136284,7937,147462,45632,52058,164306,13783,62269,9440,86747,353656,32025,8000,111750,95017,23126,72248,6458,42953,47
"(48,)",59815,8610,80958,35034,506889,68339,49647,11813,7346,258825,135629,16830,18730,162893,80553,35972,32251,55927,55712,17639,81459,91672,126029,67598,35760,72003,11290,20977,37871,18612,124528,23172,258054,132807,7834,144491,43865,49108,163392,13976,61051,9276,83647,341007,30299,7856,110072,90742,22781,71904,6231,42695,48
"(49,)",60150,8759,79329,35168,496143,66234,50528,12285,7209,262870,135482,16744,18716,163262,81718,36574,32609,56242,56012,18206,82271,93130,128183,67897,35365,73335,11429,21260,37352,19194,125724,23500,259591,131959,7892,146780,43693,48418,166814,14371,61035,9314,83962,333965,29884,8160,110296,88371,23081,74512,6214,43950,49
"(50,)",61927,9037,80082,35853,500034,66648,52859,12617,7325,270760,137424,17171,18804,165600,83097,37227,33525,57147,57295,18589,84560,95734,130957,70321,36256,74737,11731,21811,37656,19716,128995,23714,267265,132684,8073,149035,44523,48417,170710,14620,63320,9687,86162,335003,28927,8387,112625,88868,23399,76640,6377,45767,50
"(51,)",66742,9623,85334,39210,524776,71084,55575,13392,7778,287955,143833,18308,19516,175352,88792,39745,35892,61820,61522,19663,89519,100695,138032,74895,38973,81257,12939,23331,39763,21131,135160,25861,283787,139322,8731,158368,48391,50542,180944,15645,67157,10441,91822,350077,29749,9031,119794,94049,25161,81349,6876,46543,51
"(52,)",67750,9966,86182,40297,527880,72674,56128,13561,7868,294511,144462,18117,20224,177299,91454,41091,37678,63088,62758,20618,90989,102109,143048,77363,39817,84586,13520,24322,39628,21853,136106,26621,284851,141944,9099,162660,50161,51381,184161,15503,68984,11120,93561,353567,30305,9299,122222,96831,25437,83577,7254,46163,52
"(53,)",67482,10128,86295,40429,523383,73233,55339,13742,7741,291861,141603,18421,20759,177660,90634,41847,38541,62574,62720,21182,89867,100959,143350,78896,39893,86036,13958,24900,39237,22145,135383,27226,281986,140662,9585,162967,51255,52473,183430,15375,67992,11534,92659,352545,30938,9505,121598,98785,25193,84568,7661,45585,53
"(54,)",67938,10215,86137,39886,517032,73624,55095,13604,7647,289634,139574,18395,21141,177658,91048,42909,38880,62673,63232,21417,88987,100270,144227,79753,40141,87074,14459,25407,38759,22035,133811,28220,277830,139221,9734,165201,51649,53297,184692,15745,67527,11507,91524,349175,31198,9735,119504,98162,25332,85549,7710,44685,54
"(55,)",68304,10379,87241,40156,518766,75364,56193,13710,7617,291973,138642,18376,21628,180629,93172,44177,39888,63018,63996,21771,89364,101055,146769,81607,40507,88618,15021,25896,38670,22642,134561,28632,280988,139698,10053,169614,52305,54462,189755,15895,68599,11995,92064,348477,31426,10168,119922,99725,26082,88065,8261,45173,55
"(56,)",69471,10579,88266,40590,528077,75834,56393,13745,7722,291896,137795,19473,21624,182732,93324,44712,39748,63212,65692,21769,89202,101023,147432,81965,41158,88742,15363,26151,39238,22526,134647,29106,287203,140034,10259,170391,53139,55614,191218,15732,69091,12200,92984,350012,31387,9944,119440,100233,26805,87603,8476,45901,56
"(57,)",66838,10051,85315,39311,498456,73398,54311,13416,7267,281672,132076,18510,20901,176442,90523,42929,38767,61628,63760,21569,86450,98174,145453,78860,39952,85676,15223,25242,37097,22199,130324,27703,274820,135500,10012,168568,50845,54013,189175,15472,66755,11771,89854,334390,30422,10030,115186,97357,26985,85311,8314,43842,57
"(58,)",66667,9982,85123,38747,491369,72620,53998,13686,7256,279065,129093,18656,21244,175129,90905,42972,38441,61736,62365,21873,84476,97248,147094,77914,39329,85197,15575,24917,36863,21783,127893,27884,271344,134290,10063,170580,50601,54655,191015,15559,66620,11828,89585,328625,30215,10042,114213,97528,27554,84428,8385,43323,58
"(59,)",66984,9929,84313,38692,482815,72093,52658,13353,7141,277640,127813,18569,21437,171830,89656,42674,38702,60756,62321,21662,82452,94725,145880,76173,39577,84833,15591,24731,36761,21526,125014,28000,266155,132728,9773,168346,50248,55522,188430,15415,67224,11697,89407,322911,30089,10076,111544,96986,27615,82966,8510,43952,59
"(60,)",64728,9500,81743,37650,465557,69351,50321,13002,6981,269179,122261,18491,20679,164970,86216,41316,37291,58624,60464,20908,78423,91120,139939,72805,38129,81034,15387,24111,35988,20271,119534,27372,256093,129089,9663,161100,48651,54488,180596,14841,64945,11579,86624,309187,28968,9637,107118,94619,26453,79449,8407,43998,60
"(61,)",63930,9656,81615,37217,461865,68406,49254,12789,6971,268246,120039,18625,20496,163297,84980,41518,37016,58650,60337,20694,77217,89921,137983,71628,38137,79575,15363,23714,36311,20069,116696,27344,254251,127053,9512,159530,48332,55394,178529,14660,65579,11449,85872,303707,28617,9746,105387,94485,26892,79152,8273,43461,61
"(62,)",61681,9074,79869,36490,437514,66157,46360,12356,6780,261522,114464,18064,20088,154223,81683,39723,35458,56309,57467,20522,72997,85579,132499,68859,36325,76761,15122,22948,34700,19232,109136,26447,239515,123922,8985,151787,46520,55382,171943,13816,63974,11309,83309,287000,27669,9356,100733,91609,26165,76210,7960,41694,62
"(63,)",58949,8457,77900,35204,416899,64246,44252,12265,6421,254886,109564,17947,20028,147442,78202,38366,33800,53693,54283,19927,70229,82165,126890,66160,34322,73317,14945,21924,33455,18333,103730,25876,228238,119712,8683,145466,44479,54728,165782,13053,62258,10914,79587,274919,26536,9091,96153,88968,25760,72821,7685,40496,63
"(64,)",56898,7876,76125,33836,393948,61463,41527,11937,6082,249620,104955,17321,19312,140795,75314,37513,32564,52372,52015,19276,65994,78237,123293,64036,33344,70810,14451,21398,32576,17575,98023,25249,219013,116162,8357,140619,42348,52921,159210,12465,61167,10532,76417,259183,25082,8769,91570,84486,25295,71027,7216,39907,64
"(65,)",55094,7259,75448,33089,381187,58638,39291,11557,5953,249036,102000,16600,18517,136295,71816,35914,31211,50454,50789,18430,64294,75839,118739,60898,32652,68564,13975,20572,31813,16679,94695,24344,212994,112722,7706,135179,41099,51043,151828,11863,60202,10194,74730,249502,23919,8522,88486,81352,24808,67633,6847,39903,65
"(66,)",54386,7068,75801,32466,376695,56628,38250,11452,5829,247622,100414,17084,18065,131029,69481,34014,29748,49089,48913,18044,61664,73137,113228,57986,31884,66291,13429,19588,32067,16068,91831,24432,209347,110189,7183,130679,40032,49855,145451,11527,59616,9821,72776,242432,23072,8181,86763,79175,24355,64780,6609,40711,66
"(67,)",53504,6562,75249,32148,356457,54058,36684,11401,5647,246525,97770,16239,17627,124990,67748,32524,28380,48370,46581,17822,59825,71240,109859,54768,30567,64323,12819,18937,31261,15977,87986,23713,200224,108140,6880,127087,38591,48177,141971,11173,58816,9246,72492,232368,22266,7987,84582,76149,24287,62044,6263,38969,67
"(68,)",52996,6129,76046,31925,347796,52911,36833,11488,5497,250749,97275,15997,17400,122548,65555,31582,27807,47236,45693,17890,59216,70339,107154,53004,30038,63162,12411,17996,31468,16032,87949,23358,196588,108421,6610,124985,38100,47285,141463,10930,59017,8772,72217,227893,21743,7711,84688,74711,23508,59952,6232,39711,68
"(69,)",55024,6038,80863,33678,354310,54817,39259,12170,5329,269684,99664,15692,18046,126215,68321,32842,28992,49342,47291,18453,60993,73400,111256,54648,31544,65993,12836,18520,33094,16798,92491,23634,201243,113424,6695,130901,40060,49521,149358,11635,62205,8817,75266,233694,22009,8048,87444,77621,24233,61325,6410,39641,69
"(70,)",40143,4456,59989,24719,274416,39061,29138,8777,4018,205170,73145,12741,13176,92911,48700,23517,20566,35158,34405,12792,44722,53049,79828,39376,22775,47831,9249,13226,24672,11505,69471,17803,151963,83317,4998,90640,29660,35242,104710,8508,45080,6323,54148,175157,16167,5778,64139,56136,16964,44495,4440,37978,70
"(71,)",39960,4348,59668,24987,268906,37799,28255,8586,4011,203237,71840,12738,13026,89902,48532,23064,20519,34638,34341,12625,43879,51929,78154,39235,22598,47747,9026,13182,24112,11130,66842,17653,148391,81494,4941,87352,29991,34919,101808,8258,44414,6170,53723,172918,16129,5800,62988,55504,17000,43715,4462,34980,71
"(72,)",38909,4075,58949,24328,252707,35985,27926,8447,3880,200582,68831,12217,12873,88347,46945,22723,20155,33684,32918,12616,42089,50287,77402,38271,22075,47266,8881,13112,23366,10950,64144,16666,141560,78453,4874,85805,29426,33852,101536,7905,42794,6141,52275,165995,16230,5550,61158,53728,16335,42735,4323,32382,72
"(73,)",39719,3850,60347,24541,249417,35652,29233,8752,3721,209463,69373,10888,13026,91505,48726,23278,20276,34208,32952,12792,43133,51710,80641,39449,22142,48439,8984,13074,23537,11226,67921,16560,145836,79677,4836,90994,29014,33877,107346,8275,43496,6152,53031,162251,16106,5687,62065,53033,16797,44005,4307,30904,73
"(74,)",34048,3305,52387,21589,219187,30631,24534,7540,3425,182461,59041,9688,11060,80282,42342,20426,17385,29770,28696,10850,37412,44024,69773,34102,19228,42147,7735,11476,20131,9613,58526,14480,127759,68318,4209,80364,25547,28793,92375,6964,36893,5328,45968,140883,13670,4605,53270,45025,14744,38325,3701,29147,74
"(75,)",30993,2983,47845,19936,200794,27351,21529,6755,3009,166704,53705,8849,10081,71861,38574,19163,16193,27566,26560,9577,33404,39183,61817,31133,17963,38813,7262,10407,18029,8324,51589,13380,115323,61771,3845,72555,23479,25993,83445,6242,33784,4767,41814,130852,12587,4339,48039,40234,13744,34403,3252,26623,75
"(76,)",29787,2609,44824,19023,192045,25451,20131,6088,2935,157840,50017,8325,9410,67385,35741,18190,15281,25821,25101,8934,30962,36500,57121,29365,17082,36023,6555,9975,16998,7651,49174,12494,110618,57267,3609,67442,22479,24225,77637,5855,30973,4603,39305,121618,11736,3819,44933,37116,12658,31891,3153,25908,76
"(77,)",27757,2252,41647,17408,178106,23610,18928,5668,2645,148827,45598,7499,8743,63560,33744,17338,14394,24277,23146,8399,28838,34498,53767,27732,15933,33770,6074,9503,15416,6978,46042,11757,103161,52652,3578,63945,20998,22229,74199,5424,27977,4396,36171,111390,10956,3552,41566,34282,11999,30727,2975,23842,77
"(78,)",26472,2129,39068,16265,168570,22007,18198,5446,2484,141172,41990,7112,7956,60937,32127,16714,13920,22884,22030,7993,27267,32842,50854,26117,15260,31840,5647,9129,14304,6624,44245,11050,99529,49702,3465,61831,19658,20507,71688,5184,26025,4103,33758,105261,10303,3436,38866,32568,11511,29497,2736,22011,78
"(79,)",23455,1886,35197,14630,155472,19989,16575,4799,2346,129842,37800,6430,7213,55559,29127,15592,12771,19921,19654,7415,24523,30678,45922,24351,13467,28931,5316,8679,12660,6158,40686,9986,91072,44973,3341,56358,17674,18826,66146,4908,23245,3893,30003,96025,9456,3018,35414,29196,10582,27210,2498,20833,79
"(80,)",22309,1699,32764,13777,145864,18623,15946,4510,2112,121806,35430,6158,6671,52909,27426,15177,12299,18776,18552,6867,23066,29093,44033,23062,12690,27647,4830,8131,11390,5903,38428,9428,86303,43095,3224,52968,16746,17242,63103,4623,21752,3937,28842,90572,8961,2859,33029,26966,9670,25690,2278,19401,80
"(81,)",20912,1560,30301,13249,138431,17406,15207,4233,2021,114294,33243,6017,6285,49759,25844,14152,11655,17644,17499,6656,21656,27880,41586,21491,11978,26270,4488,7818,10484,5700,36427,8889,82461,40625,3111,50736,16048,16038,60322,4363,20412,3675,26756,86471,8515,2737,30960,25294,9219,24315,2108,18382,81
"(82,)",18305,1423,26389,11543,123963,15560,13826,3650,1863,100228,28503,5482,5398,43848,22576,12595,10578,15794,15447,5947,19346,25086,36387,19307,10046,23578,4043,7040,8997,5021,32948,7712,73697,35296,2806,44346,14142,14204,53787,4040,17910,3358,23264,75925,7395,2476,27142,22398,7755,21513,1928,15965,82
"(83,)",16647,1243,24920,10803,117527,14624,13534,3491,1735,95460,26681,5447,5238,42189,21927,12358,10315,14626,14437,5654,18842,24565,34780,18803,9606,22444,3665,6755,8413,4850,31734,7156,70656,33119,2794,42180,13300,13429,52427,4026,16256,3221,21727,70297,6842,2375,25761,21271,7267,20812,1697,14525,83
"(84,)",15542,1106,22917,9772,109578,13738,12817,3310,1672,89047,24351,5420,4824,39248,20300,11747,9713,13439,13385,5419,17454,23533,32652,17882,8737,20862,3464,6634,7415,4596,30297,6685,66621,30325,2627,39920,12114,12684,50412,3792,14753,3051,20247,65144,6372,2180,23734,19669,6856,19774,1688,13304,84
"(85,)",86919,6316,133252,57246,721049,84549,92124,19036,11915,544192,138598,39683,27912,264152,129155,79149,64534,78725,78412,32324,114632,159360,213041,118972,50839,128428,22326,42682,40254,29629,202483,39127,451392,177601,18405,255294,70296,83349,335392,28080,83922,20745,115684,385993,36367,14142,145096,130548,39980,128144,10432,80105,85
